AUC,Accuracy,Precision_Positive,Recall_Positive
0.5862307737857322,0.9582186040943373,0.9802466179815635,1.0
